ID	type	x	z	theta
1	6.0x7.0x6.0	-42.97787	32.16037	-53.70005
2	yuk	-44.78139	83.30847	270
