ID	type	x	z	theta
2	15.0x7.0x7.5	-6.217077	133.506	90.00001
3	15.0x7.0x7.5	-55.9293	115.6338	180
4	15.0x7.0x7.5	-6.431507	184.2027	90.00001
5	15.0x7.0x7.5	-48.32298	166.8685	180
6	15.0x7.0x7.5	-70.24126	173.0304	270
7	15.0x7.0x7.5	-70.29765	188.0856	270
8	15.0x7.0x7.5	-49.68029	194.6344	0
11	10.0x7.5x6.0	-58.50887	150.7445	0
12	6.0x7.0x6.0	-38.77813	126.9449	270
13	6.0x7.0x6.0	-39.73503	138.918	270
14	6.0x7.0x6.0	-33.73745	132.8936	270
