ID	type	x	z	theta
1	15.0x7.0x7.5	-47.73673	22.31615	-74.70007
2	yuka	-42.80043	66.00791	269.9998
