ID	type	x	z	theta
1	15.0x7.0x7.5	-43.94651	30.76013	-57.00002
2	15.0x7.0x7.5	-60.69018	23.33793	-57.00001
3	15.0x7.0x7.5	-61.39789	9.193726	-85.80014
4	15.0x7.0x7.5	-71.37103	9.926079	-85.80014
