id	type	x	y	z	theta	gyokaku
1	spot	-15.99999	30.01	89.10628	54.22334	164.5714
2	spot	-27.32999	30.01	69.17751	54.22334	205.7143
3	wide	-38.54999	30.01	100.0048	43.93763	113.1429
