ID	type	x	z	theta
1	15.0x7.0x7.5	-43.94651	30.76013	-57.00002
