{"cameraMode":{"drawMode":0,"name":"Shaded","section":"Shading Mode"},"sceneLighting":true,"audioPlay":false,"sceneViewState":{"showFog":true,"showMaterialUpdate":false,"showSkybox":true,"showFlares":true,"showImageEffects":true,"showParticleSystems":true},"in2DMode":false,"pivot":{"x":252.62127685546876,"y":327.43524169921877,"z":85.88442993164063},"rotation":{"x":-0.031781114637851718,"y":0.03806888312101364,"z":-0.0012112176045775414,"w":-0.998769998550415},"size":555.3732299804688,"orthographic":false}