{"cameraMode":{"drawMode":0,"name":"Shaded","section":"Shading Mode"},"sceneLighting":false,"audioPlay":false,"sceneViewState":{"showFog":false,"showMaterialUpdate":false,"showSkybox":false,"showFlares":false,"showImageEffects":false,"showParticleSystems":false},"in2DMode":false,"pivot":{"x":-0.7695224285125732,"y":-4.983489036560059,"z":90.11262512207031},"rotation":{"x":-0.02549688145518303,"y":-0.010197458788752556,"z":0.0002636633289512247,"w":-0.9996525049209595},"size":119.81584167480469,"orthographic":false}