{"cameraMode":{"drawMode":0,"name":"Shaded","section":"Shading Mode"},"sceneLighting":false,"audioPlay":false,"sceneViewState":{"showFog":false,"showMaterialUpdate":false,"showSkybox":false,"showFlares":false,"showImageEffects":false,"showParticleSystems":false},"in2DMode":false,"pivot":{"x":-0.04137784242630005,"y":1.765479326248169,"z":-0.041550397872924808},"rotation":{"x":0.20250362157821656,"y":-0.12098268419504166,"z":0.025202671065926553,"w":0.9714962244033814},"size":7.098557472229004,"orthographic":false}