{"cameraMode":{"drawMode":0,"name":"Shaded","section":"Shading Mode"},"sceneLighting":false,"audioPlay":false,"sceneViewState":{"showFog":false,"showMaterialUpdate":false,"showSkybox":false,"showFlares":false,"showImageEffects":false,"showParticleSystems":false},"in2DMode":false,"pivot":{"x":-16.355377197265626,"y":17.0843563079834,"z":139.4925994873047},"rotation":{"x":-0.0017521880799904466,"y":-0.9822569489479065,"z":-0.008828958496451378,"w":0.18815603852272035},"size":12.585694313049317,"orthographic":false}