{"cameraMode":{"drawMode":0,"name":"Shaded","section":"Shading Mode"},"sceneLighting":false,"audioPlay":false,"sceneViewState":{"showFog":false,"showMaterialUpdate":false,"showSkybox":false,"showFlares":false,"showImageEffects":false,"showParticleSystems":false},"in2DMode":false,"pivot":{"x":126.98082733154297,"y":-12.873916625976563,"z":49.026649475097659},"rotation":{"x":0.11941061168909073,"y":-0.4172240197658539,"z":0.055370062589645389,"w":0.8992725610733032},"size":12.320300102233887,"orthographic":false}