{"cameraMode":{"drawMode":0,"name":"Shaded","section":"Shading Mode"},"sceneLighting":false,"audioPlay":false,"sceneViewState":{"showFog":false,"showMaterialUpdate":false,"showSkybox":false,"showFlares":false,"showImageEffects":false,"showParticleSystems":false},"in2DMode":false,"pivot":{"x":6.73451042175293,"y":-17.587650299072267,"z":201.2940216064453},"rotation":{"x":0.14323271811008454,"y":0.0614287331700325,"z":-0.008921775966882706,"w":0.9877896308898926},"size":173.82472229003907,"orthographic":false}