{"cameraMode":{"drawMode":0,"name":"Shaded","section":"Shading Mode"},"sceneLighting":false,"audioPlay":false,"sceneViewState":{"showFog":false,"showMaterialUpdate":false,"showSkybox":false,"showFlares":false,"showImageEffects":false,"showParticleSystems":false},"in2DMode":false,"pivot":{"x":15.073740005493164,"y":79.42633056640625,"z":-0.06297612190246582},"rotation":{"x":0.29772645235061648,"y":0.6590161323547363,"z":-0.32082316279411318,"w":0.6117375493049622},"size":45.346561431884769,"orthographic":false}