{"cameraMode":{"drawMode":0,"name":"Shaded","section":"Shading Mode"},"sceneLighting":false,"audioPlay":false,"sceneViewState":{"showFog":false,"showMaterialUpdate":false,"showSkybox":false,"showFlares":false,"showImageEffects":false,"showParticleSystems":false},"in2DMode":false,"pivot":{"x":-0.09592794626951218,"y":0.09455656260251999,"z":0.08721637725830078},"rotation":{"x":-0.012000761926174164,"y":0.004484047181904316,"z":-0.00006372037023538724,"w":-0.999959409236908},"size":1.1068248748779297,"orthographic":false}