{"cameraMode":{"drawMode":0,"name":"Shaded","section":"Shading Mode"},"sceneLighting":false,"audioPlay":false,"sceneViewState":{"showFog":false,"showMaterialUpdate":false,"showSkybox":false,"showFlares":false,"showImageEffects":false,"showParticleSystems":false},"in2DMode":false,"pivot":{"x":10.776165962219239,"y":27.544795989990236,"z":-27.11077117919922},"rotation":{"x":0.29198169708251955,"y":-0.06535112857818604,"z":0.01999162696301937,"w":0.954021692276001},"size":25.18065643310547,"orthographic":false}