{"cameraMode":{"drawMode":0,"name":"Shaded","section":"Shading Mode"},"sceneLighting":false,"audioPlay":false,"sceneViewState":{"showFog":false,"showMaterialUpdate":false,"showSkybox":false,"showFlares":false,"showImageEffects":false,"showParticleSystems":false},"in2DMode":false,"pivot":{"x":125.96918487548828,"y":-15.367701530456543,"z":45.939697265625},"rotation":{"x":0.08363048732280731,"y":-0.9160221815109253,"z":0.2639036476612091,"w":0.29029688239097597},"size":28.61478614807129,"orthographic":true}