{"cameraMode":{"drawMode":0,"name":"Shaded","section":"Shading Mode"},"sceneLighting":false,"audioPlay":false,"sceneViewState":{"showFog":false,"showMaterialUpdate":false,"showSkybox":false,"showFlares":false,"showImageEffects":false,"showParticleSystems":false},"in2DMode":false,"pivot":{"x":0.2903909683227539,"y":102.53756713867188,"z":2.2448272705078127},"rotation":{"x":0.25266632437705996,"y":0.22027871012687684,"z":-0.05919347330927849,"w":0.9403300881385803},"size":30.249481201171876,"orthographic":false}