{"cameraMode":{"drawMode":0,"name":"Shaded","section":"Shading Mode"},"sceneLighting":false,"audioPlay":false,"sceneViewState":{"showFog":false,"showMaterialUpdate":false,"showSkybox":false,"showFlares":false,"showImageEffects":false,"showParticleSystems":false},"in2DMode":false,"pivot":{"x":-3.950839042663574,"y":-2.816277503967285,"z":-3.9990854263305666},"rotation":{"x":-0.1236596331000328,"y":0.8356515169143677,"z":-0.20980902016162873,"w":-0.4924231469631195},"size":15.370892524719239,"orthographic":false}