{"cameraMode":{"drawMode":0,"name":"Shaded","section":"Shading Mode"},"sceneLighting":false,"audioPlay":false,"sceneViewState":{"showFog":false,"showMaterialUpdate":false,"showSkybox":false,"showFlares":false,"showImageEffects":false,"showParticleSystems":false},"in2DMode":false,"pivot":{"x":-0.0037308931350708009,"y":0.0,"z":-0.034200891852378848},"rotation":{"x":-0.08390481770038605,"y":-0.1857462078332901,"z":0.015910979360342027,"w":-0.9789211750030518},"size":2.3068246841430666,"orthographic":false}