{"cameraMode":{"drawMode":0,"name":"Shaded","section":"Shading Mode"},"sceneLighting":false,"audioPlay":false,"sceneViewState":{"showFog":false,"showMaterialUpdate":false,"showSkybox":false,"showFlares":false,"showImageEffects":false,"showParticleSystems":false},"in2DMode":false,"pivot":{"x":0.0037308931350708009,"y":0.0,"z":0.0042008934542536739},"rotation":{"x":-0.02549688145518303,"y":-0.010197458788752556,"z":0.0002636633289512247,"w":-0.9996525049209595},"size":1.1068248748779297,"orthographic":false}