{"cameraMode":{"drawMode":0,"name":"Shaded","section":"Shading Mode"},"sceneLighting":false,"audioPlay":false,"sceneViewState":{"showFog":false,"showMaterialUpdate":false,"showSkybox":false,"showFlares":false,"showImageEffects":false,"showParticleSystems":false},"in2DMode":false,"pivot":{"x":-4.246562957763672,"y":-2.672541618347168,"z":-13.119409561157227},"rotation":{"x":-0.04478685185313225,"y":0.941853404045105,"z":-0.1394626647233963,"w":-0.30254706740379336},"size":27.0340633392334,"orthographic":false}