{"cameraMode":{"drawMode":0,"name":"Shaded","section":"Shading Mode"},"sceneLighting":false,"audioPlay":false,"sceneViewState":{"showFog":false,"showMaterialUpdate":false,"showSkybox":false,"showFlares":false,"showImageEffects":false,"showParticleSystems":false},"in2DMode":false,"pivot":{"x":129.9257354736328,"y":-8.879841804504395,"z":42.45600891113281},"rotation":{"x":0.05960306525230408,"y":-0.6421859264373779,"z":0.050193075090646747,"w":0.7625861167907715},"size":16.675344467163087,"orthographic":true}