{"cameraMode":{"drawMode":0,"name":"Shaded","section":"Shading Mode"},"sceneLighting":false,"audioPlay":false,"sceneViewState":{"showFog":false,"showMaterialUpdate":false,"showSkybox":false,"showFlares":false,"showImageEffects":false,"showParticleSystems":false},"in2DMode":false,"pivot":{"x":129.07510375976563,"y":-8.926078796386719,"z":50.185447692871097},"rotation":{"x":0.008961412124335766,"y":-0.07162955403327942,"z":-0.0008573497761972249,"w":-0.9975194931030273},"size":12.611175537109375,"orthographic":true}