{"cameraMode":{"drawMode":0,"name":"Shaded","section":"Shading Mode"},"sceneLighting":false,"audioPlay":false,"sceneViewState":{"showFog":false,"showMaterialUpdate":false,"showSkybox":false,"showFlares":false,"showImageEffects":false,"showParticleSystems":false},"in2DMode":false,"pivot":{"x":0.21874535083770753,"y":0.155426025390625,"z":-0.22641922533512116},"rotation":{"x":-0.02849932760000229,"y":0.003307672683149576,"z":-0.00006503296026494354,"w":-0.999686062335968},"size":1.771568775177002,"orthographic":true}