{"cameraMode":{"drawMode":0,"name":"Shaded","section":"Shading Mode"},"sceneLighting":false,"audioPlay":false,"sceneViewState":{"showFog":false,"showMaterialUpdate":false,"showSkybox":false,"showFlares":false,"showImageEffects":false,"showParticleSystems":false},"in2DMode":false,"pivot":{"x":140.06288146972657,"y":-18.032567977905275,"z":42.605125427246097},"rotation":{"x":-0.1642172932624817,"y":-0.8072656989097595,"z":0.26441290974617007,"w":-0.5015390515327454},"size":24.302494049072267,"orthographic":false}