{"cameraMode":{"drawMode":0,"name":"Shaded","section":"Shading Mode"},"sceneLighting":false,"audioPlay":false,"sceneViewState":{"showFog":false,"showMaterialUpdate":false,"showSkybox":false,"showFlares":false,"showImageEffects":false,"showParticleSystems":false},"in2DMode":false,"pivot":{"x":5.960464477539063e-8,"y":-0.3999999761581421,"z":-1.1920928955078126e-7},"rotation":{"x":0.14653326570987702,"y":0.23672936856746674,"z":0.03617588058114052,"w":-0.9598664045333862},"size":2.857893943786621,"orthographic":true}